{"cameraMode":{"drawMode":0,"name":"Shaded","section":"Shading Mode"},"sceneLighting":false,"audioPlay":false,"sceneViewState":{"m_AlwaysRefresh":false,"showFog":true,"showSkybox":false,"showFlares":true,"showImageEffects":true,"showParticleSystems":true,"showVisualEffectGraphs":true,"m_FxEnabled":true},"in2DMode":false,"pivot":{"x":-7.134065628051758,"y":5.143943786621094,"z":-12.355165481567383},"rotation":{"x":0.27964696288108828,"y":0.021884173154830934,"z":-0.006375756114721298,"w":0.9598384499549866},"size":27.53458023071289,"orthographic":true}