{"cameraMode":{"drawMode":0,"name":"Shaded","section":"Shading Mode"},"sceneLighting":true,"audioPlay":false,"sceneViewState":{"m_AlwaysRefresh":false,"showFog":true,"showSkybox":true,"showFlares":true,"showImageEffects":true,"showParticleSystems":true,"showVisualEffectGraphs":true,"m_FxEnabled":true},"in2DMode":false,"pivot":{"x":0.07128982990980149,"y":1.115523338317871,"z":1.7850923538208008},"rotation":{"x":0.13620176911354066,"y":-0.6238572001457214,"z":0.11159071326255799,"w":0.7614530920982361},"size":15.987948417663575,"orthographic":true}