{"cameraMode":{"drawMode":0,"name":"Shaded","section":"Shading Mode"},"sceneLighting":true,"audioPlay":false,"sceneViewState":{"m_AlwaysRefresh":false,"showFog":true,"showSkybox":true,"showFlares":true,"showImageEffects":true,"showParticleSystems":true,"showVisualEffectGraphs":true,"m_FxEnabled":true},"in2DMode":false,"pivot":{"x":0.5254898071289063,"y":0.097930908203125,"z":1.0158662796020508},"rotation":{"x":-0.16897828876972199,"y":-0.014195455238223076,"z":0.002436483046039939,"w":-0.985518753528595},"size":1677.3521728515625,"orthographic":true}