{"cameraMode":{"drawMode":0,"name":"Shaded","section":"Shading Mode"},"sceneLighting":true,"audioPlay":false,"sceneViewState":{"m_AlwaysRefresh":false,"showFog":true,"showSkybox":true,"showFlares":true,"showImageEffects":true,"showParticleSystems":true,"showVisualEffectGraphs":true,"m_FxEnabled":true},"in2DMode":false,"pivot":{"x":0.07128982990980149,"y":1.115523338317871,"z":1.7850923538208008},"rotation":{"x":0.10329469293355942,"y":0.019992787390947343,"z":-0.0020774565637111665,"w":0.9944503903388977},"size":95.87690734863281,"orthographic":true}